{
    "accuracy": 0.6998394863563403,
    "f1_score": 0.6857142857142858,
    "laplacian": "Normalized",
    "mean_k": 3,
    "precision": 0.5340314136125655,
    "recall": 0.9577464788732394,
    "sample_size": 50,
    "std_thresh": 3.0
}
