{
    "accuracy": 0.7672552166934189,
    "f1_score": 0.7173489278752436,
    "laplacian": "Normalized",
    "mean_k": 3,
    "precision": 0.6133333333333333,
    "recall": 0.863849765258216,
    "sample_size": 100,
    "std_thresh": 3.0
}
