{
    "accuracy": 0.7704654895666132,
    "f1_score": 0.7039337474120083,
    "laplacian": "Normalized",
    "mean_k": 3,
    "precision": 0.6296296296296297,
    "recall": 0.7981220657276995,
    "sample_size": 150,
    "std_thresh": 3.0
}
