{
    "accuracy": 0.7463884430176565,
    "f1_score": 0.6457399103139013,
    "laplacian": "Normalized",
    "mean_k": 3,
    "precision": 0.6180257510729614,
    "recall": 0.676056338028169,
    "sample_size": 200,
    "std_thresh": 3.0
}
