{
    "class_accuracy": null,
    "f1_score": 0.6718995290423861,
    "instance_accuracy": 0.6804281345565749,
    "laplacian": "Normalized",
    "mean_k": 3,
    "precision": 0.5245098039215687,
    "recall": 0.9344978165938864,
    "sample_size": 50,
    "std_thresh": 3.0,
    "threshold": 1.0
}
