{
    "class_accuracy": 0.37720706260032105,
    "f1_score": 0.34467618002195394,
    "instance_accuracy": 0.9136284722222222,
    "laplacian": "Generic",
    "mean_k": 3,
    "precision": 0.22525107604017217,
    "recall": 0.7336448598130841,
    "sample_size": 100,
    "std_thresh": 3.0,
    "threshold": 1.0
}
