{
    "class_accuracy": 0.8764467592592593,
    "f1_score": 0.34527687296416937,
    "instance_accuracy": 0.9127604166666666,
    "laplacian": "Generic",
    "mean_k": 3,
    "precision": 0.2248939179632249,
    "recall": 0.7429906542056075,
    "sample_size": 100,
    "std_thresh": 3.0,
    "threshold": 1.0
}
