{
    "class_accuracy": null,
    "f1_score": 0.9269521410579346,
    "instance_accuracy": 0.863849765258216,
    "laplacian": "Generic",
    "mean_k": 3,
    "precision": 1.0,
    "recall": 0.863849765258216,
    "sample_size": 50,
    "std_thresh": 3.0,
    "threshold": 1.0
}
