{
    "class_accuracy": null,
    "f1_score": 0.7547169811320755,
    "instance_accuracy": 0.8012232415902141,
    "laplacian": "Generic",
    "mean_k": 3,
    "precision": 0.6644518272425249,
    "recall": 0.8733624454148472,
    "sample_size": 50,
    "std_thresh": 3.0,
    "threshold": 1.0
}
