{
    "class_accuracy": null,
    "f1_score": 0.687192118226601,
    "instance_accuracy": 0.7477656405163853,
    "laplacian": "Generic",
    "mean_k": 3,
    "precision": 0.6065217391304348,
    "recall": 0.7926136363636364,
    "sample_size": 50,
    "std_thresh": 3.0,
    "threshold": 1.0
}
