{
    "class_accuracy": null,
    "f1_score": 0.6834170854271356,
    "instance_accuracy": 0.7497517378351539,
    "laplacian": "Generic",
    "mean_k": 3,
    "precision": 0.6126126126126126,
    "recall": 0.7727272727272727,
    "sample_size": 50,
    "std_thresh": 3.0,
    "threshold": 1.0
}
