{
    "accuracy": 0.7945425361155698,
    "f1_score": 0.7419354838709677,
    "laplacian": "Generic",
    "mean_k": 3,
    "precision": 0.6501766784452296,
    "recall": 0.863849765258216,
    "sample_size": 50,
    "std_thresh": 3.0
}
