{
    "accuracy": 0.78330658105939,
    "f1_score": 0.6952595936794582,
    "laplacian": "Generic",
    "mean_k": 3,
    "precision": 0.6695652173913044,
    "recall": 0.7230046948356808,
    "sample_size": 100,
    "std_thresh": 3.0
}
