{
    "accuracy": 0.7817014446227929,
    "f1_score": 0.7246963562753037,
    "laplacian": "Generic",
    "mean_k": 3,
    "precision": 0.6370106761565836,
    "recall": 0.8403755868544601,
    "sample_size": 50,
    "std_thresh": 3.0
}
