{
    "accuracy": 0.7479935794542536,
    "f1_score": 0.5626740947075208,
    "laplacian": "Generic",
    "mean_k": 3,
    "precision": 0.6917808219178082,
    "recall": 0.47417840375586856,
    "sample_size": 300,
    "std_thresh": 3.0
}
