{
    "accuracy": 0.7335473515248796,
    "f1_score": 0.47468354430379733,
    "laplacian": "Generic",
    "mean_k": 3,
    "precision": 0.7281553398058253,
    "recall": 0.352112676056338,
    "sample_size": 500,
    "std_thresh": 3.0
}
