{
    "accuracy": 0.7303370786516854,
    "f1_score": 0.4246575342465753,
    "laplacian": "Generic",
    "mean_k": 3,
    "precision": 0.7848101265822784,
    "recall": 0.29107981220657275,
    "sample_size": 1000,
    "std_thresh": 3.0
}
